"","state","year","suicideRate","povertyPerventage","suicideZScore","povertyZScore"
"1","Alabama",1999,12.5,15.2,-0.192927420031434,0.7475043722954
"2","Alabama",2000,13.1,13.3,-0.0417689236540318,0.189252552060916
"3","Alabama",2001,11.4,15.9,-0.470051330056672,0.953176095539684
"4","Alabama",2002,11.5,14.5,-0.444858247327105,0.541832649051117
"5","Alabama",2003,11.4,15,-0.470051330056672,0.688741022797033
"6","Alabama",2004,11.7,16.9,-0.394472081867971,1.24699284303152
"7","Alabama",2005,11.5,16.7,-0.444858247327105,1.18822949353315
"8","Alabama",2006,12.4,14.3,-0.218120502761001,0.48306929955275
"9","Alabama",2007,12.4,14.5,-0.218120502761001,0.541832649051117
"10","Alabama",2008,12.6,14.3,-0.167734337301867,0.48306929955275
"11","Alabama",2009,13.7,16.6,0.10938957272337,1.15884781878397
"12","Alabama",2010,14,17.2,0.184968820912072,1.33513786727907
"13","Alabama",2011,13.2,15.4,-0.0165758409244648,0.806267721793767
"14","Alabama",2012,14.7,16.2,0.361320400019041,1.04132111978723
"15","Alabama",2013,14.4,16.7,0.28574115183034,1.18822949353315
"16","Alabama",2014,14.5,17.8,0.310934234559907,1.51142791577417
"17","Alabama",2015,14.9,16.3,0.411706565478176,1.07070279453642
"18","Alabama",2016,15.7,16.2,0.613251227314712,1.04132111978723
"19","Alaska",1999,16.8,7.6,0.89037513733995,-1.48550290864254
"20","Alaska",2000,21.5,7.6,2.0744500256296,-1.48550290864254
"21","Alaska",2001,15.9,8.5,0.663637392773846,-1.22106783589989
"22","Alaska",2002,20.8,8.8,1.89809844652263,-1.13292281165233
"23","Alaska",2003,20.3,9.6,1.7721330328748,-0.897869413658868
"24","Alaska",2004,23,9.1,2.45234626657311,-1.04477778740479
"25","Alaska",2005,19.9,10,1.67136070195653,-0.780342714662135
"26","Alaska",2006,19.9,8.9,1.67136070195653,-1.10354113690315
"27","Alaska",2007,22.6,7.6,2.35157393565484,-1.48550290864254
"28","Alaska",2008,24.4,8.2,2.80504942478705,-1.30921286014744
"29","Alaska",2009,20,11.7,1.6965537846861,-0.280854243926018
"30","Alaska",2010,22.8,12.5,2.40196010111397,-0.0458008459325506
"31","Alaska",2011,20,11.7,1.6965537846861,-0.280854243926018
"32","Alaska",2012,23,10,2.45234626657311,-0.780342714662135
"33","Alaska",2013,23.2,10.9,2.50273243203224,-0.515907641919484
"34","Alaska",2014,22.1,11.9,2.225608522007,-0.222090894427651
"35","Alaska",2015,26.9,9.2,3.43487649302622,-1.0153961126556
"36","Alaska",2016,25.8,12.6,3.15775258300099,-0.0164191711833674
"37","Arizona",1999,15.5,12.2,0.562865061855578,-0.133945870180101
"38","Arizona",2000,15.6,11.7,0.588058144585145,-0.280854243926018
"39","Arizona",2001,14.8,14.6,0.386513482748609,0.5712143238003
"40","Arizona",2002,16.6,13.5,0.839988971880816,0.248015901559283
"41","Arizona",2003,15.5,13.5,0.562865061855578,0.248015901559283
"42","Arizona",2004,15.8,14.4,0.638444310044279,0.512450974301933
"43","Arizona",2005,16.4,15.2,0.789602806421681,0.7475043722954
"44","Arizona",2006,16.3,14.4,0.764409723692115,0.512450974301933
"45","Arizona",2007,16.5,14.3,0.814795889151248,0.48306929955275
"46","Arizona",2008,15.5,18,0.562865061855578,1.57019126527253
"47","Arizona",2009,16.7,21.2,0.865182054610382,2.5104048572464
"48","Arizona",2010,17,18.8,0.940761302799084,1.805244663266
"49","Arizona",2011,17.8,17.2,1.14230596463562,1.33513786727907
"50","Arizona",2012,17.3,19,1.01634055098779,1.86400801276437
"51","Arizona",2013,17.5,20.2,1.06672671644692,2.21658810975457
"52","Arizona",2014,18,21.2,1.19269213009475,2.5104048572464
"53","Arizona",2015,18.2,17.2,1.24307829555389,1.33513786727907
"54","Arizona",2016,17.7,16.1,1.11711288190605,1.01193944503805
"55","Arkansas",1999,12.6,14.7,-0.167734337301867,0.600595998549483
"56","Arkansas",2000,13,16.5,-0.0669620063835988,1.12946614403478
"57","Arkansas",2001,14.3,17.8,0.260548069100773,1.51142791577417
"58","Arkansas",2002,14,19.8,0.184968820912072,2.09906141075784
"59","Arkansas",2003,13.6,17.8,0.0841964899938035,1.51142791577417
"60","Arkansas",2004,13,15.1,-0.0669620063835988,0.718122697546217
"61","Arkansas",2005,14.3,13.8,0.260548069100773,0.336160925806833
"62","Arkansas",2006,13.3,17.7,0.00861724180510258,1.48204624102498
"63","Arkansas",2007,14.2,13.8,0.235354986371206,0.336160925806833
"64","Arkansas",2008,15.5,15.3,0.562865061855578,0.776886047044584
"65","Arkansas",2009,14.5,18.9,0.310934234559907,1.83462633801518
"66","Arkansas",2010,15.5,15.3,0.562865061855578,0.776886047044584
"67","Arkansas",2011,16,18.7,0.688830475503413,1.77586298851682
"68","Arkansas",2012,16.3,20.1,0.764409723692115,2.18720643500539
"69","Arkansas",2013,17.3,17.1,1.01634055098779,1.30575619252988
"70","Arkansas",2014,17.3,18.4,1.01634055098779,1.68771796426927
"71","Arkansas",2015,19.1,16.1,1.46981604011999,1.01193944503805
"72","Arkansas",2016,18.2,16,1.24307829555389,0.982557770288867
"73","California",1999,9.6,14,-0.923526819188879,0.3949242753052
"74","California",2000,9.1,12.7,-1.04949223283671,0.0129625035658159
"75","California",2001,8.5,12.6,-1.20065072921412,-0.0164191711833674
"76","California",2002,9.6,13.1,-0.923526819188879,0.130489202562549
"77","California",2003,9.9,13.1,-0.847947571000178,0.130489202562549
"78","California",2004,9.7,13.2,-0.898333736459312,0.159870877311733
"79","California",2005,9.1,13.2,-1.04949223283671,0.159870877311733
"80","California",2006,9.3,12.2,-0.99910606737758,-0.133945870180101
"81","California",2007,9.9,12.7,-0.847947571000178,0.0129625035658159
"82","California",2008,10.3,14.6,-0.747175240081909,0.5712143238003
"83","California",2009,10.2,15.3,-0.772368322811477,0.776886047044584
"84","California",2010,10.3,16.3,-0.747175240081909,1.07070279453642
"85","California",2011,10.4,16.9,-0.721982157352342,1.24699284303152
"86","California",2012,10,15.9,-0.822754488270611,0.953176095539684
"87","California",2013,10.2,14.9,-0.772368322811477,0.65935934804785
"88","California",2014,10.5,15.8,-0.696789074622775,0.923794420790501
"89","California",2015,10.3,13.9,-0.747175240081909,0.365542600556017
"90","California",2016,10.5,13.9,-0.696789074622775,0.365542600556017
"91","Colorado",1999,13.7,8.5,0.10938957272337,-1.22106783589989
"92","Colorado",2000,14.3,9.8,0.260548069100773,-0.839106064160501
"93","Colorado",2001,16.5,8.7,0.814795889151248,-1.16230448640152
"94","Colorado",2002,16.2,9.8,0.739216640962547,-0.839106064160501
"95","Colorado",2003,16.1,9.7,0.714023558232981,-0.868487738909685
"96","Colorado",2004,17.2,10,0.991147468258218,-0.780342714662135
"97","Colorado",2005,17.2,11.4,0.991147468258218,-0.368999268173568
"98","Colorado",2006,15.3,9.7,0.512478896396444,-0.868487738909685
"99","Colorado",2007,16.6,9.8,0.839988971880816,-0.839106064160501
"100","Colorado",2008,16.1,11,0.714023558232981,-0.486525967170301
"101","Colorado",2009,18.7,12.3,1.36904370920172,-0.104564195430917
"102","Colorado",2010,16.8,12.3,0.89037513733995,-0.104564195430917
"103","Colorado",2011,17.5,13.2,1.06672671644692,0.159870877311733
"104","Colorado",2012,19.7,11.9,1.62097453649739,-0.222090894427651
"105","Colorado",2013,18.6,10.6,1.34385062647216,-0.604052666167035
"106","Colorado",2014,19.9,12.3,1.67136070195653,-0.104564195430917
"107","Colorado",2015,19.5,9.9,1.57058837103826,-0.809724389411318
"108","Colorado",2016,20.5,8.5,1.82251919833393,-1.22106783589989
"109","Connecticut",1999,7.9,7.2,-1.35180922559152,-1.60302960763927
"110","Connecticut",2000,8.8,7.7,-1.12507148102542,-1.45612123389335
"111","Connecticut",2001,8.1,7.3,-1.30142306013239,-1.57364793289009
"112","Connecticut",2002,7.3,8.3,-1.50296772196892,-1.27983118539825
"113","Connecticut",2003,7.5,8.1,-1.45258155650979,-1.33859453489662
"114","Connecticut",2004,8.2,10.1,-1.27622997740282,-0.750961039912951
"115","Connecticut",2005,8.1,9.3,-1.30142306013239,-0.986014437906418
"116","Connecticut",2006,8,8,-1.32661614286195,-1.3679762096458
"117","Connecticut",2007,7.3,8.9,-1.50296772196892,-1.10354113690315
"118","Connecticut",2008,8.5,8.1,-1.20065072921412,-1.33859453489662
"119","Connecticut",2009,8.5,8.4,-1.20065072921412,-1.25044951064907
"120","Connecticut",2010,9.4,8.6,-0.973912984648013,-1.1916861611507
"121","Connecticut",2011,9.8,10.1,-0.873140653729745,-0.750961039912951
"122","Connecticut",2012,9.9,10.3,-0.847947571000178,-0.692197690414584
"123","Connecticut",2013,8.7,11.3,-1.15026456375498,-0.398380942922751
"124","Connecticut",2014,9.8,8.6,-0.873140653729745,-1.1916861611507
"125","Connecticut",2015,9.9,9.1,-0.847947571000178,-1.04477778740479
"126","Connecticut",2016,10.1,9.8,-0.797561405541044,-0.839106064160501
"127","Delaware",1999,11,10.4,-0.57082366097494,-0.662816015665401
"128","Delaware",2000,10.4,8.4,-0.721982157352342,-1.25044951064907
"129","Delaware",2001,13.5,6.7,0.0590034072642365,-1.74993798138519
"130","Delaware",2002,9.1,9.1,-1.04949223283671,-1.04477778740479
"131","Delaware",2003,11.4,7.3,-0.470051330056672,-1.57364793289009
"132","Delaware",2004,11,9,-0.57082366097494,-1.07415946215397
"133","Delaware",2005,9.7,9.2,-0.898333736459312,-1.0153961126556
"134","Delaware",2006,10.3,9.3,-0.747175240081909,-0.986014437906418
"135","Delaware",2007,10.6,9.3,-0.671595991893208,-0.986014437906418
"136","Delaware",2008,11.9,9.6,-0.344085916408836,-0.897869413658868
"137","Delaware",2009,11.7,12.3,-0.394472081867971,-0.104564195430917
"138","Delaware",2010,11.3,12.2,-0.495244412786239,-0.133945870180101
"139","Delaware",2011,11,13.7,-0.57082366097494,0.30677925105765
"140","Delaware",2012,13.2,13.5,-0.0165758409244648,0.248015901559283
"141","Delaware",2013,12.5,14,-0.192927420031434,0.3949242753052
"142","Delaware",2014,13.2,11,-0.0165758409244648,-0.486525967170301
"143","Delaware",2015,12.6,11.1,-0.167734337301867,-0.457144292421118
"144","Delaware",2016,11.5,11.6,-0.444858247327105,-0.310235918675201
"145","District of Columbia",1999,5.1,14.7,-2.0572155420194,0.600595998549483
"146","District of Columbia",2000,3.8,15.2,-2.38472561750377,0.7475043722954
"147","District of Columbia",2001,6.5,18.2,-1.70451238380546,1.6289546147709
"148","District of Columbia",2002,5.2,17,-2.03202245928983,1.2763745177807
"149","District of Columbia",2003,6.1,16.8,-1.80528471472373,1.21761116828233
"150","District of Columbia",2004,5.5,17,-1.95644321110113,1.2763745177807
"151","District of Columbia",2005,5.4,21.3,-1.9816362938307,2.53978653199559
"152","District of Columbia",2006,5.2,18.3,-2.03202245928983,1.65833628952008
"153","District of Columbia",2007,6,18,-1.83047779745329,1.57019126527253
"154","District of Columbia",2008,7.3,16.5,-1.50296772196892,1.12946614403478
"155","District of Columbia",2009,4.4,17.9,-2.23356712112637,1.54080959052335
"156","District of Columbia",2010,6.9,19.5,-1.60374005288719,2.01091638651029
"157","District of Columbia",2011,5.6,19.9,-1.93125012837156,2.12844308550702
"158","District of Columbia",2012,5.7,18.4,-1.90605704564199,1.68771796426927
"159","District of Columbia",2013,5.7,21.3,-1.90605704564199,2.53978653199559
"160","District of Columbia",2014,7.8,19,-1.37700230832109,1.86400801276437
"161","District of Columbia",2015,4.9,16.6,-2.10760170747853,1.15884781878397
"162","District of Columbia",2016,5.2,16.3,-2.03202245928983,1.07070279453642
"163","Florida",1999,12.2,12.4,-0.268506668220135,-0.0751825206817339
"164","Florida",2000,12.4,11,-0.218120502761001,-0.486525967170301
"165","Florida",2001,13.5,12.7,0.0590034072642365,0.0129625035658159
"166","Florida",2002,13.3,12.6,0.00861724180510258,-0.0164191711833674
"167","Florida",2003,12.8,12.7,-0.117348171842733,0.0129625035658159
"168","Florida",2004,13,11.6,-0.0669620063835988,-0.310235918675201
"169","Florida",2005,12.5,11.1,-0.192927420031434,-0.457144292421118
"170","Florida",2006,12.6,11.5,-0.167734337301867,-0.339617593424384
"171","Florida",2007,13.2,12.5,-0.0165758409244648,-0.0458008459325506
"172","Florida",2008,13.9,13.1,0.159775738182505,0.130489202562549
"173","Florida",2009,14.4,14.6,0.28574115183034,0.5712143238003
"174","Florida",2010,13.7,16,0.10938957272337,0.982557770288867
"175","Florida",2011,13.9,14.9,0.159775738182505,0.65935934804785
"176","Florida",2012,14.4,15.3,0.28574115183034,0.776886047044584
"177","Florida",2013,13.8,14.9,0.134582655452938,0.65935934804785
"178","Florida",2014,13.9,16.7,0.159775738182505,1.18822949353315
"179","Florida",2015,14.4,16.2,0.28574115183034,1.04132111978723
"180","Florida",2016,14,13,0.184968820912072,0.101107527813366
"181","Georgia",1999,11.2,12.8,-0.520437495515806,0.0423441783149997
"182","Georgia",2000,10.7,12.1,-0.646402909163642,-0.163327544929284
"183","Georgia",2001,11.4,12.9,-0.470051330056672,0.0717258530641829
"184","Georgia",2002,11.1,11.2,-0.545630578245373,-0.427762617671935
"185","Georgia",2003,11.6,11.9,-0.419665164597538,-0.222090894427651
"186","Georgia",2004,11.3,13,-0.495244412786239,0.101107527813366
"187","Georgia",2005,10.6,14.4,-0.671595991893208,0.512450974301933
"188","Georgia",2006,10.3,12.6,-0.747175240081909,-0.0164191711833674
"189","Georgia",2007,10.9,13.6,-0.596016743704507,0.277397576308466
"190","Georgia",2008,10.4,15.5,-0.721982157352342,0.83564939654295
"191","Georgia",2009,11.9,18.4,-0.344085916408836,1.68771796426927
"192","Georgia",2010,11.7,18.8,-0.394472081867971,1.805244663266
"193","Georgia",2011,11.7,18.4,-0.394472081867971,1.68771796426927
"194","Georgia",2012,11.7,18.1,-0.394472081867971,1.59957294002172
"195","Georgia",2013,12,16.3,-0.318892833679269,1.07070279453642
"196","Georgia",2014,12.6,16.8,-0.167734337301867,1.21761116828233
"197","Georgia",2015,12.7,18.1,-0.1425412545723,1.59957294002172
"198","Georgia",2016,13.3,15.4,0.00861724180510258,0.806267721793767
"199","Hawaii",1999,11.1,10.8,-0.545630578245373,-0.545289316668668
"200","Hawaii",2000,11.2,8.9,-0.520437495515806,-1.10354113690315
"201","Hawaii",2001,10.9,11.4,-0.596016743704507,-0.368999268173568
"202","Hawaii",2002,9.5,11.3,-0.948719901918446,-0.398380942922751
"203","Hawaii",2003,10.2,9.3,-0.772368322811477,-0.986014437906418
"204","Hawaii",2004,8.9,8.6,-1.09987839829585,-1.1916861611507
"205","Hawaii",2005,8.2,8.6,-1.27622997740282,-1.1916861611507
"206","Hawaii",2006,9,9.2,-1.07468531556628,-1.0153961126556
"207","Hawaii",2007,9.5,7.5,-0.948719901918446,-1.51488458339172
"208","Hawaii",2008,9.7,9.9,-0.898333736459312,-0.809724389411318
"209","Hawaii",2009,12.5,12.5,-0.192927420031434,-0.0458008459325506
"210","Hawaii",2010,15,12.4,0.436899648207743,-0.0751825206817339
"211","Hawaii",2011,12.8,12.1,-0.117348171842733,-0.163327544929284
"212","Hawaii",2012,13.1,13.8,-0.0417689236540318,0.336160925806833
"213","Hawaii",2013,11.8,11.1,-0.369278999138403,-0.457144292421118
"214","Hawaii",2014,13.8,10.8,0.134582655452938,-0.545289316668668
"215","Hawaii",2015,13.5,10.9,0.0590034072642365,-0.515907641919484
"216","Hawaii",2016,12.1,9.3,-0.293699750949702,-0.986014437906418
"217","Idaho",1999,14.8,14.1,0.386513482748609,0.424305950054383
"218","Idaho",2000,13.3,12.5,0.00861724180510258,-0.0458008459325506
"219","Idaho",2001,16.3,11.5,0.764409723692115,-0.339617593424384
"220","Idaho",2002,15.5,11.3,0.562865061855578,-0.398380942922751
"221","Idaho",2003,16.4,10.2,0.789602806421681,-0.721579365163768
"222","Idaho",2004,17.6,9.9,1.09191979917649,-0.809724389411318
"223","Idaho",2005,16.5,9.9,0.814795889151248,-0.809724389411318
"224","Idaho",2006,15.8,9.5,0.638444310044279,-0.927251088408052
"225","Idaho",2007,15,9.9,0.436899648207743,-0.809724389411318
"226","Idaho",2008,16.7,12.2,0.865182054610382,-0.133945870180101
"227","Idaho",2009,20.3,13.7,1.7721330328748,0.30677925105765
"228","Idaho",2010,18.8,13.8,1.39423679193129,0.336160925806833
"229","Idaho",2011,18.2,15.7,1.24307829555389,0.894412746041317
"230","Idaho",2012,19,14.4,1.44462295739043,0.512450974301933
"231","Idaho",2013,19.2,12.9,1.49500912284956,0.0717258530641829
"232","Idaho",2014,20,12.4,1.6965537846861,-0.0751825206817339
"233","Idaho",2015,22.1,12.3,2.225608522007,-0.104564195430917
"234","Idaho",2016,21.4,11.1,2.04925694290003,-0.457144292421118
"235","Illinois",1999,8.3,9.9,-1.25103689467325,-0.809724389411318
"236","Illinois",2000,8.1,10.7,-1.30142306013239,-0.574670991417851
"237","Illinois",2001,9.2,10.1,-1.02429915010715,-0.750961039912951
"238","Illinois",2002,9.2,12.8,-1.02429915010715,0.0423441783149997
"239","Illinois",2003,8,12.6,-1.32661614286195,-0.0164191711833674
"240","Illinois",2004,8.1,12.3,-1.30142306013239,-0.104564195430917
"241","Illinois",2005,8.6,11.5,-1.17545764648455,-0.339617593424384
"242","Illinois",2006,7.9,10.6,-1.35180922559152,-0.604052666167035
"243","Illinois",2007,8.6,10,-1.17545764648455,-0.780342714662135
"244","Illinois",2008,9.3,12.3,-0.99910606737758,-0.104564195430917
"245","Illinois",2009,9.1,13.2,-1.04949223283671,0.159870877311733
"246","Illinois",2010,9,14.1,-1.07468531556628,0.424305950054383
"247","Illinois",2011,9.3,14.2,-0.99910606737758,0.453687624803566
"248","Illinois",2012,9.8,12.6,-0.873140653729745,-0.0164191711833674
"249","Illinois",2013,9.9,13.3,-0.847947571000178,0.189252552060916
"250","Illinois",2014,10.5,13.7,-0.696789074622775,0.30677925105765
"251","Illinois",2015,10.3,10.9,-0.747175240081909,-0.515907641919484
"252","Illinois",2016,10.7,12.1,-0.646402909163642,-0.163327544929284
"253","Indiana",1999,10.4,6.7,-0.721982157352342,-1.74993798138519
"254","Indiana",2000,11.3,8.5,-0.495244412786239,-1.22106783589989
"255","Indiana",2001,11.7,8.5,-0.394472081867971,-1.22106783589989
"256","Indiana",2002,12.1,9.1,-0.293699750949702,-1.04477778740479
"257","Indiana",2003,11.9,9.9,-0.344085916408836,-0.809724389411318
"258","Indiana",2004,11.3,11.6,-0.495244412786239,-0.310235918675201
"259","Indiana",2005,11.9,12.6,-0.344085916408836,-0.0164191711833674
"260","Indiana",2006,13,10.6,-0.0669620063835988,-0.604052666167035
"261","Indiana",2007,12.3,11.8,-0.243313585490568,-0.251472569176834
"262","Indiana",2008,12.6,14.3,-0.167734337301867,0.48306929955275
"263","Indiana",2009,12.8,16.1,-0.117348171842733,1.01193944503805
"264","Indiana",2010,13.1,16.3,-0.0417689236540318,1.07070279453642
"265","Indiana",2011,13.5,15.6,0.0590034072642365,0.865031071292134
"266","Indiana",2012,14.3,15.2,0.260548069100773,0.7475043722954
"267","Indiana",2013,14.3,11.6,0.260548069100773,-0.310235918675201
"268","Indiana",2014,14.3,14.6,0.260548069100773,0.5712143238003
"269","Indiana",2015,14.4,13.5,0.28574115183034,0.248015901559283
"270","Indiana",2016,15.4,11.8,0.537671979126011,-0.251472569176834
"271","Iowa",1999,10.3,7.4,-0.747175240081909,-1.5442662581409
"272","Iowa",2000,9.8,8.3,-0.873140653729745,-1.27983118539825
"273","Iowa",2001,10.2,7.4,-0.772368322811477,-1.5442662581409
"274","Iowa",2002,10.7,9.2,-0.646402909163642,-1.0153961126556
"275","Iowa",2003,11.9,8.9,-0.344085916408836,-1.10354113690315
"276","Iowa",2004,11.5,10.9,-0.444858247327105,-0.515907641919484
"277","Iowa",2005,11.2,11.3,-0.520437495515806,-0.398380942922751
"278","Iowa",2006,11.2,10.3,-0.520437495515806,-0.692197690414584
"279","Iowa",2007,10.7,8.9,-0.646402909163642,-1.10354113690315
"280","Iowa",2008,12.6,9.5,-0.167734337301867,-0.927251088408052
"281","Iowa",2009,11.9,10.7,-0.344085916408836,-0.574670991417851
"282","Iowa",2010,12.1,10.3,-0.293699750949702,-0.692197690414584
"283","Iowa",2011,13.9,10.4,0.159775738182505,-0.662816015665401
"284","Iowa",2012,12.7,10.3,-0.1425412545723,-0.692197690414584
"285","Iowa",2013,14.4,10.8,0.28574115183034,-0.545289316668668
"286","Iowa",2014,12.9,10.3,-0.0921550891131658,-0.692197690414584
"287","Iowa",2015,13.9,10.4,0.159775738182505,-0.662816015665401
"288","Iowa",2016,14.6,9.8,0.336127317289474,-0.839106064160501
"289","Kansas",1999,11.2,12.3,-0.520437495515806,-0.104564195430917
"290","Kansas",2000,12.2,8,-0.268506668220135,-1.3679762096458
"291","Kansas",2001,10.9,10.1,-0.596016743704507,-0.750961039912951
"292","Kansas",2002,12.7,10.1,-0.1425412545723,-0.750961039912951
"293","Kansas",2003,12.8,10.8,-0.117348171842733,-0.545289316668668
"294","Kansas",2004,13.7,11.4,0.10938957272337,-0.368999268173568
"295","Kansas",2005,13.3,12.5,0.00861724180510258,-0.0458008459325506
"296","Kansas",2006,13.9,12.8,0.159775738182505,0.0423441783149997
"297","Kansas",2007,13.7,11.7,0.10938957272337,-0.280854243926018
"298","Kansas",2008,12.1,12.7,-0.293699750949702,0.0129625035658159
"299","Kansas",2009,13.6,13.7,0.0841964899938035,0.30677925105765
"300","Kansas",2010,14,14.5,0.184968820912072,0.541832649051117
"301","Kansas",2011,13.8,14.3,0.134582655452938,0.48306929955275
"302","Kansas",2012,17.4,14,1.04153363371735,0.3949242753052
"303","Kansas",2013,14.7,13.2,0.361320400019041,0.159870877311733
"304","Kansas",2014,15.7,12.1,0.613251227314712,-0.163327544929284
"305","Kansas",2015,16.3,14.2,0.764409723692115,0.453687624803566
"306","Kansas",2016,17.9,11.2,1.16749904736519,-0.427762617671935
"307","Kentucky",1999,11.6,12.1,-0.419665164597538,-0.163327544929284
"308","Kentucky",2000,12.8,12.6,-0.117348171842733,-0.0164191711833674
"309","Kentucky",2001,12.1,12.6,-0.293699750949702,-0.0164191711833674
"310","Kentucky",2002,13,14.2,-0.0669620063835988,0.453687624803566
"311","Kentucky",2003,13.6,14.4,0.0841964899938035,0.512450974301933
"312","Kentucky",2004,13.3,17.8,0.00861724180510258,1.51142791577417
"313","Kentucky",2005,13.4,14.8,0.0338103245346696,0.629977673298667
"314","Kentucky",2006,14.6,16.8,0.336127317289474,1.21761116828233
"315","Kentucky",2007,15.1,15.5,0.462092730937309,0.83564939654295
"316","Kentucky",2008,14,17.1,0.184968820912072,1.30575619252988
"317","Kentucky",2009,13.5,17,0.0590034072642365,1.2763745177807
"318","Kentucky",2010,14.2,17.7,0.235354986371206,1.48204624102498
"319","Kentucky",2011,15.2,16,0.487285813666876,0.982557770288867
"320","Kentucky",2012,16.2,17.9,0.739216640962547,1.54080959052335
"321","Kentucky",2013,15.6,20,0.588058144585145,2.1578247602562
"322","Kentucky",2014,16,20,0.688830475503413,2.1578247602562
"323","Kentucky",2015,17.1,19.5,0.965954385528651,2.01091638651029
"324","Kentucky",2016,16.8,15.2,0.89037513733995,0.7475043722954
"325","Louisiana",1999,11.9,19.2,-0.344085916408836,1.92277136226273
"326","Louisiana",2000,10.7,17.2,-0.646402909163642,1.33513786727907
"327","Louisiana",2001,11.2,16.2,-0.520437495515806,1.04132111978723
"328","Louisiana",2002,11.2,17.5,-0.520437495515806,1.42328289152662
"329","Louisiana",2003,10.3,17,-0.747175240081909,1.2763745177807
"330","Louisiana",2004,11.9,16.8,-0.344085916408836,1.21761116828233
"331","Louisiana",2005,11,18.3,-0.57082366097494,1.65833628952008
"332","Louisiana",2006,11.5,17,-0.444858247327105,1.2763745177807
"333","Louisiana",2007,12,16.1,-0.318892833679269,1.01193944503805
"334","Louisiana",2008,12,18.2,-0.318892833679269,1.6289546147709
"335","Louisiana",2009,10.9,14.3,-0.596016743704507,0.48306929955275
"336","Louisiana",2010,12.3,21.5,-0.243313585490568,2.59854988149395
"337","Louisiana",2011,12.5,21.1,-0.192927420031434,2.48102318249722
"338","Louisiana",2012,12.4,21.1,-0.218120502761001,2.48102318249722
"339","Louisiana",2013,12.4,19.2,-0.218120502761001,1.92277136226273
"340","Louisiana",2014,14.3,23.1,0.260548069100773,3.06865667748089
"341","Louisiana",2015,15.2,18.6,0.487285813666876,1.74648131376763
"342","Louisiana",2016,14.2,20.2,0.235354986371206,2.21658810975457
"343","Maine",1999,13.4,10.6,0.0338103245346696,-0.604052666167035
"344","Maine",2000,11.8,10.1,-0.369278999138403,-0.750961039912951
"345","Maine",2001,12.1,10.3,-0.293699750949702,-0.692197690414584
"346","Maine",2002,12.5,13.4,-0.192927420031434,0.2186342268101
"347","Maine",2003,10,11.6,-0.822754488270611,-0.310235918675201
"348","Maine",2004,12.4,11.6,-0.218120502761001,-0.310235918675201
"349","Maine",2005,12.4,12.6,-0.218120502761001,-0.0164191711833674
"350","Maine",2006,11,10.2,-0.57082366097494,-0.721579365163768
"351","Maine",2007,13.6,10.9,0.0841964899938035,-0.515907641919484
"352","Maine",2008,12.7,12,-0.1425412545723,-0.192709219678467
"353","Maine",2009,14,11.4,0.184968820912072,-0.368999268173568
"354","Maine",2010,13.2,12.6,-0.0165758409244648,-0.0164191711833674
"355","Maine",2011,16.6,13.4,0.839988971880816,0.2186342268101
"356","Maine",2012,14.5,12.8,0.310934234559907,0.0423441783149997
"357","Maine",2013,17.4,12.3,1.04153363371735,-0.104564195430917
"358","Maine",2014,15.7,14.6,0.613251227314712,0.5712143238003
"359","Maine",2015,16,12.3,0.688830475503413,-0.104564195430917
"360","Maine",2016,15.9,12.7,0.663637392773846,0.0129625035658159
"361","Maryland",1999,8.3,7.3,-1.25103689467325,-1.57364793289009
"362","Maryland",2000,9,7.4,-1.07468531556628,-1.5442662581409
"363","Maryland",2001,8.4,7.2,-1.22584381194368,-1.60302960763927
"364","Maryland",2002,8.8,7.4,-1.12507148102542,-1.5442662581409
"365","Maryland",2003,8.9,8.6,-1.09987839829585,-1.1916861611507
"366","Maryland",2004,8.8,9.9,-1.12507148102542,-0.809724389411318
"367","Maryland",2005,8.4,9.7,-1.22584381194368,-0.868487738909685
"368","Maryland",2006,8.6,8.4,-1.17545764648455,-1.25044951064907
"369","Maryland",2007,9,8.8,-1.07468531556628,-1.13292281165233
"370","Maryland",2008,8.7,8.7,-1.15026456375498,-1.16230448640152
"371","Maryland",2009,9.3,9.6,-0.99910606737758,-0.897869413658868
"372","Maryland",2010,8.3,10.9,-1.25103689467325,-0.515907641919484
"373","Maryland",2011,9.2,9.3,-1.02429915010715,-0.986014437906418
"374","Maryland",2012,9.5,9.9,-0.948719901918446,-0.809724389411318
"375","Maryland",2013,9.2,10.3,-1.02429915010715,-0.692197690414584
"376","Maryland",2014,9.8,9.8,-0.873140653729745,-0.839106064160501
"377","Maryland",2015,8.8,9.6,-1.12507148102542,-0.897869413658868
"378","Maryland",2016,9.4,7.1,-0.973912984648013,-1.63241128238845
"379","Massachusetts",1999,6.7,11.8,-1.65412621834632,-0.251472569176834
"380","Massachusetts",2000,6,9.8,-1.83047779745329,-0.839106064160501
"381","Massachusetts",2001,6.5,8.9,-1.70451238380546,-1.10354113690315
"382","Massachusetts",2002,6.6,10,-1.67931930107589,-0.780342714662135
"383","Massachusetts",2003,6.5,10.3,-1.70451238380546,-0.692197690414584
"384","Massachusetts",2004,6.4,9.3,-1.72970546653502,-0.986014437906418
"385","Massachusetts",2005,7.2,10.1,-1.52816080469849,-0.750961039912951
"386","Massachusetts",2006,6.7,12,-1.65412621834632,-0.192709219678467
"387","Massachusetts",2007,7.7,11.2,-1.40219539105065,-0.427762617671935
"388","Massachusetts",2008,7.5,11.3,-1.45258155650979,-0.398380942922751
"389","Massachusetts",2009,7.8,10.8,-1.37700230832109,-0.545289316668668
"390","Massachusetts",2010,8.8,10.9,-1.12507148102542,-0.515907641919484
"391","Massachusetts",2011,8.4,10.6,-1.22584381194368,-0.604052666167035
"392","Massachusetts",2012,8.7,11.3,-1.15026456375498,-0.398380942922751
"393","Massachusetts",2013,8.2,11.9,-1.27622997740282,-0.222090894427651
"394","Massachusetts",2014,8.2,13.6,-1.27622997740282,0.277397576308466
"395","Massachusetts",2015,8.9,11.5,-1.09987839829585,-0.339617593424384
"396","Massachusetts",2016,8.8,9.6,-1.12507148102542,-0.897869413658868
"397","Michigan",1999,9.9,9.7,-0.847947571000178,-0.868487738909685
"398","Michigan",2000,9.9,9.9,-0.847947571000178,-0.809724389411318
"399","Michigan",2001,10.5,9.4,-0.696789074622775,-0.956632763157235
"400","Michigan",2002,11.1,11.6,-0.545630578245373,-0.310235918675201
"401","Michigan",2003,10.2,11.4,-0.772368322811477,-0.368999268173568
"402","Michigan",2004,10.9,13.3,-0.596016743704507,0.189252552060916
"403","Michigan",2005,11,12,-0.57082366097494,-0.192709219678467
"404","Michigan",2006,11.2,13.3,-0.520437495515806,0.189252552060916
"405","Michigan",2007,11.1,10.8,-0.545630578245373,-0.545289316668668
"406","Michigan",2008,11.8,13,-0.369278999138403,0.101107527813366
"407","Michigan",2009,11.5,14,-0.444858247327105,0.3949242753052
"408","Michigan",2010,12.5,15.7,-0.192927420031434,0.894412746041317
"409","Michigan",2011,12.2,15,-0.268506668220135,0.688741022797033
"410","Michigan",2012,12.5,13.7,-0.192927420031434,0.30677925105765
"411","Michigan",2013,12.9,14.5,-0.0921550891131658,0.541832649051117
"412","Michigan",2014,13.3,14.8,0.00861724180510258,0.629977673298667
"413","Michigan",2015,13.8,12.8,0.134582655452938,0.0423441783149997
"414","Michigan",2016,13.3,11.1,0.00861724180510258,-0.457144292421118
"415","Minnesota",1999,9,7.3,-1.07468531556628,-1.57364793289009
"416","Minnesota",2000,8.9,5.7,-1.09987839829585,-2.04375472887702
"417","Minnesota",2001,9.6,7.4,-0.923526819188879,-1.5442662581409
"418","Minnesota",2002,9.8,6.5,-0.873140653729745,-1.80870133088355
"419","Minnesota",2003,9.8,7.4,-0.873140653729745,-1.5442662581409
"420","Minnesota",2004,10.2,7,-0.772368322811477,-1.66179295713764
"421","Minnesota",2005,10.5,8.1,-0.696789074622775,-1.33859453489662
"422","Minnesota",2006,10.6,8.2,-0.671595991893208,-1.30921286014744
"423","Minnesota",2007,10.8,9.3,-0.621209826434074,-0.986014437906418
"424","Minnesota",2008,11.2,9.9,-0.520437495515806,-0.809724389411318
"425","Minnesota",2009,10.8,11.1,-0.621209826434074,-0.457144292421118
"426","Minnesota",2010,11.2,10.8,-0.520437495515806,-0.545289316668668
"427","Minnesota",2011,12.5,10,-0.192927420031434,-0.780342714662135
"428","Minnesota",2012,12,10,-0.318892833679269,-0.780342714662135
"429","Minnesota",2013,12.1,12,-0.293699750949702,-0.192709219678467
"430","Minnesota",2014,12.2,8.3,-0.268506668220135,-1.27983118539825
"431","Minnesota",2015,13.2,7.8,-0.0165758409244648,-1.42673955914417
"432","Minnesota",2016,13.2,8.7,-0.0165758409244648,-1.16230448640152
"433","Mississippi",1999,11,16.2,-0.57082366097494,1.04132111978723
"434","Mississippi",2000,10.5,14.9,-0.696789074622775,0.65935934804785
"435","Mississippi",2001,11.7,19.3,-0.394472081867971,1.95215303701192
"436","Mississippi",2002,12.2,18.4,-0.268506668220135,1.68771796426927
"437","Mississippi",2003,11.9,16,-0.344085916408836,0.982557770288867
"438","Mississippi",2004,12.2,18.7,-0.268506668220135,1.77586298851682
"439","Mississippi",2005,12.7,20.1,-0.1425412545723,2.18720643500539
"440","Mississippi",2006,11.4,20.6,-0.470051330056672,2.3341148087513
"441","Mississippi",2007,13.6,22.6,0.0841964899938035,2.92174830373497
"442","Mississippi",2008,13.9,18.1,0.159775738182505,1.59957294002172
"443","Mississippi",2009,13.1,23.1,-0.0417689236540318,3.06865667748089
"444","Mississippi",2010,13,22.5,-0.0669620063835988,2.89236662898579
"445","Mississippi",2011,13.1,17.4,-0.0417689236540318,1.39390121677743
"446","Mississippi",2012,14,22,0.184968820912072,2.74545825523987
"447","Mississippi",2013,13,22.5,-0.0669620063835988,2.89236662898579
"448","Mississippi",2014,12.5,22.1,-0.192927420031434,2.77483992998905
"449","Mississippi",2015,14,19.1,0.184968820912072,1.89338968751355
"450","Mississippi",2016,12.7,21.1,-0.1425412545723,2.48102318249722
"451","Missouri",1999,12.6,11.7,-0.167734337301867,-0.280854243926018
"452","Missouri",2000,12.5,9.2,-0.192927420031434,-1.0153961126556
"453","Missouri",2001,12.8,9.7,-0.117348171842733,-0.868487738909685
"454","Missouri",2002,12.1,9.9,-0.293699750949702,-0.809724389411318
"455","Missouri",2003,11.8,10.7,-0.369278999138403,-0.574670991417851
"456","Missouri",2004,12.4,12.2,-0.218120502761001,-0.133945870180101
"457","Missouri",2005,12.5,11.6,-0.192927420031434,-0.310235918675201
"458","Missouri",2006,13.5,11.4,0.0590034072642365,-0.368999268173568
"459","Missouri",2007,13.5,12.8,0.0590034072642365,0.0423441783149997
"460","Missouri",2008,13,13.3,-0.0669620063835988,0.189252552060916
"461","Missouri",2009,14.3,15.5,0.260548069100773,0.83564939654295
"462","Missouri",2010,14,15,0.184968820912072,0.688741022797033
"463","Missouri",2011,15.3,15.4,0.512478896396444,0.806267721793767
"464","Missouri",2012,14.9,15.2,0.411706565478176,0.7475043722954
"465","Missouri",2013,15.6,13.7,0.588058144585145,0.30677925105765
"466","Missouri",2014,16.3,10.4,0.764409723692115,-0.662816015665401
"467","Missouri",2015,17.1,9.8,0.965954385528651,-0.839106064160501
"468","Missouri",2016,18.4,13,1.29346446101302,0.101107527813366
"469","Montana",1999,17.7,15.8,1.11711288190605,0.923794420790501
"470","Montana",2000,17.5,14.1,1.06672671644692,0.424305950054383
"471","Montana",2001,19.3,13.3,1.52020220557913,0.189252552060916
"472","Montana",2002,20,13.5,1.6965537846861,0.248015901559283
"473","Montana",2003,19.5,15.1,1.57058837103826,0.718122697546217
"474","Montana",2004,18.8,14.2,1.39423679193129,0.453687624803566
"475","Montana",2005,21.7,13.8,2.12483619108874,0.336160925806833
"476","Montana",2006,19.7,13.5,1.62097453649739,0.248015901559283
"477","Montana",2007,19.4,13,1.54539528830869,0.101107527813366
"478","Montana",2008,20.6,12.9,1.8477122810635,0.0717258530641829
"479","Montana",2009,21.2,13.5,1.9988707774409,0.248015901559283
"480","Montana",2010,21.8,14.5,2.1500292738183,0.541832649051117
"481","Montana",2011,22.5,16.5,2.32638085292527,1.12946614403478
"482","Montana",2012,22.6,13.4,2.35157393565484,0.2186342268101
"483","Montana",2013,23.7,14.5,2.62869784568008,0.541832649051117
"484","Montana",2014,23.9,12,2.67908401113921,-0.192709219678467
"485","Montana",2015,25.3,11.9,3.03178716935315,-0.222090894427651
"486","Montana",2016,25.9,11.7,3.18294566573055,-0.280854243926018
"487","Nebraska",1999,10.5,11,-0.696789074622775,-0.486525967170301
"488","Nebraska",2000,11.3,8.6,-0.495244412786239,-1.1916861611507
"489","Nebraska",2001,10.9,9.4,-0.596016743704507,-0.956632763157235
"490","Nebraska",2002,11.8,10.6,-0.369278999138403,-0.604052666167035
"491","Nebraska",2003,10.2,9.8,-0.772368322811477,-0.839106064160501
"492","Nebraska",2004,9.5,9.5,-0.948719901918446,-0.927251088408052
"493","Nebraska",2005,10.9,9.5,-0.596016743704507,-0.927251088408052
"494","Nebraska",2006,11.2,10.2,-0.520437495515806,-0.721579365163768
"495","Nebraska",2007,10.1,9.9,-0.797561405541044,-0.809724389411318
"496","Nebraska",2008,10.6,10.6,-0.671595991893208,-0.604052666167035
"497","Nebraska",2009,9.3,9.9,-0.99910606737758,-0.809724389411318
"498","Nebraska",2010,10.4,10.2,-0.721982157352342,-0.721579365163768
"499","Nebraska",2011,10.5,10.2,-0.696789074622775,-0.721579365163768
"500","Nebraska",2012,12.5,12.2,-0.192927420031434,-0.133945870180101
"501","Nebraska",2013,11.6,11,-0.419665164597538,-0.486525967170301
"502","Nebraska",2014,13.4,11.8,0.0338103245346696,-0.251472569176834
"503","Nebraska",2015,11.7,10.3,-0.394472081867971,-0.692197690414584
"504","Nebraska",2016,13.1,9.6,-0.0417689236540318,-0.897869413658868
"505","Nevada",1999,21.3,11.3,2.02406386017047,-0.398380942922751
"506","Nevada",2000,20.2,8.8,1.74693995014523,-1.13292281165233
"507","Nevada",2001,18.7,7.1,1.36904370920172,-1.63241128238845
"508","Nevada",2002,19.7,8.9,1.62097453649739,-1.10354113690315
"509","Nevada",2003,19.9,10.9,1.67136070195653,-0.515907641919484
"510","Nevada",2004,18.9,10.9,1.41942987466086,-0.515907641919484
"511","Nevada",2005,19.8,10.6,1.64616761922696,-0.604052666167035
"512","Nevada",2006,19.3,9.5,1.52020220557913,-0.927251088408052
"513","Nevada",2007,18,9.7,1.19269213009475,-0.868487738909685
"514","Nevada",2008,19.7,10.8,1.62097453649739,-0.545289316668668
"515","Nevada",2009,18.7,13,1.36904370920172,0.101107527813366
"516","Nevada",2010,19.8,16.6,1.64616761922696,1.15884781878397
"517","Nevada",2011,18.4,15.5,1.29346446101302,0.83564939654295
"518","Nevada",2012,18.2,15.8,1.24307829555389,0.923794420790501
"519","Nevada",2013,18.6,17.4,1.34385062647216,1.39390121677743
"520","Nevada",2014,19.6,17,1.59578145376783,1.2763745177807
"521","Nevada",2015,18.4,13,1.29346446101302,0.101107527813366
"522","Nevada",2016,21.4,10.1,2.04925694290003,-0.750961039912951
"523","New Hampshire",1999,11.2,7.6,-0.520437495515806,-1.48550290864254
"524","New Hampshire",2000,10.3,4.5,-0.747175240081909,-2.39633482586722
"525","New Hampshire",2001,13.2,6.5,-0.0165758409244648,-1.80870133088355
"526","New Hampshire",2002,10.3,5.8,-0.747175240081909,-2.01437305412784
"527","New Hampshire",2003,12,5.8,-0.318892833679269,-2.01437305412784
"528","New Hampshire",2004,9.9,5.5,-0.847947571000178,-2.10251807837539
"529","New Hampshire",2005,12,5.6,-0.318892833679269,-2.0731364036262
"530","New Hampshire",2006,11.2,5.4,-0.520437495515806,-2.13189975312457
"531","New Hampshire",2007,11.2,5.8,-0.520437495515806,-2.01437305412784
"532","New Hampshire",2008,13.1,7,-0.0417689236540318,-1.66179295713764
"533","New Hampshire",2009,11.9,7.8,-0.344085916408836,-1.42673955914417
"534","New Hampshire",2010,14.1,6.5,0.210161903641639,-1.80870133088355
"535","New Hampshire",2011,13.8,7.6,0.134582655452938,-1.48550290864254
"536","New Hampshire",2012,14.1,8.1,0.210161903641639,-1.33859453489662
"537","New Hampshire",2013,12.8,9,-0.117348171842733,-1.07415946215397
"538","New Hampshire",2014,17.8,7.2,1.14230596463562,-1.60302960763927
"539","New Hampshire",2015,16.5,7.3,0.814795889151248,-1.57364793289009
"540","New Hampshire",2016,17.2,6.4,0.991147468258218,-1.83808300563274
"541","New Jersey",1999,6.6,7.8,-1.67931930107589,-1.42673955914417
"542","New Jersey",2000,6.6,7.3,-1.67931930107589,-1.57364793289009
"543","New Jersey",2001,6.8,8.1,-1.62893313561676,-1.33859453489662
"544","New Jersey",2002,6.3,7.9,-1.75489854926459,-1.39735788439499
"545","New Jersey",2003,6.7,8.6,-1.65412621834632,-1.1916861611507
"546","New Jersey",2004,6.8,8,-1.62893313561676,-1.3679762096458
"547","New Jersey",2005,6.1,6.8,-1.80528471472373,-1.720556306636
"548","New Jersey",2006,6.5,8.8,-1.70451238380546,-1.13292281165233
"549","New Jersey",2007,6.7,8.7,-1.65412621834632,-1.16230448640152
"550","New Jersey",2008,6.8,9.2,-1.62893313561676,-1.0153961126556
"551","New Jersey",2009,6.2,9.3,-1.78009163199416,-0.986014437906418
"552","New Jersey",2010,7.7,11.1,-1.40219539105065,-0.457144292421118
"553","New Jersey",2011,7.5,11.4,-1.45258155650979,-0.368999268173568
"554","New Jersey",2012,7.4,9.3,-1.47777463923935,-0.986014437906418
"555","New Jersey",2013,8,11.1,-1.32661614286195,-0.457144292421118
"556","New Jersey",2014,8.3,11.3,-1.25103689467325,-0.398380942922751
"557","New Jersey",2015,8.3,11.2,-1.25103689467325,-0.427762617671935
"558","New Jersey",2016,7.2,9.4,-1.52816080469849,-0.956632763157235
"559","New Mexico",1999,18.1,20.9,1.21788521282432,2.42225983299885
"560","New Mexico",2000,18.3,17.5,1.26827137828346,1.42328289152662
"561","New Mexico",2001,20.3,18,1.7721330328748,1.57019126527253
"562","New Mexico",2002,19.2,17.9,1.49500912284956,1.54080959052335
"563","New Mexico",2003,18.6,18.1,1.34385062647216,1.59957294002172
"564","New Mexico",2004,18.8,16.5,1.39423679193129,1.12946614403478
"565","New Mexico",2005,17.8,17.9,1.14230596463562,1.54080959052335
"566","New Mexico",2006,17.9,16.9,1.16749904736519,1.24699284303152
"567","New Mexico",2007,20.3,14,1.7721330328748,0.3949242753052
"568","New Mexico",2008,20.9,19.3,1.9232915292522,1.95215303701192
"569","New Mexico",2009,18.2,19.3,1.24307829555389,1.95215303701192
"570","New Mexico",2010,20.1,18.3,1.72174686741566,1.65833628952008
"571","New Mexico",2011,20.3,22.2,1.7721330328748,2.80422160473824
"572","New Mexico",2012,21.3,20.4,2.02406386017047,2.27535145925293
"573","New Mexico",2013,20.3,21.7,1.7721330328748,2.65731323099232
"574","New Mexico",2014,21,20,1.94848461198177,2.1578247602562
"575","New Mexico",2015,23.7,19.7,2.62869784568008,2.06967973600865
"576","New Mexico",2016,22.5,17.8,2.32638085292527,1.51142791577417
"577","New York",1999,6.3,14.2,-1.75489854926459,0.453687624803566
"578","New York",2000,5.9,13.9,-1.85567088018286,0.365542600556017
"579","New York",2001,6.5,14.2,-1.70451238380546,0.453687624803566
"580","New York",2002,6.3,14,-1.75489854926459,0.3949242753052
"581","New York",2003,5.9,14.3,-1.85567088018286,0.48306929955275
"582","New York",2004,6,15,-1.83047779745329,0.688741022797033
"583","New York",2005,6,14.5,-1.83047779745329,0.541832649051117
"584","New York",2006,6.7,14,-1.65412621834632,0.3949242753052
"585","New York",2007,7.1,14.5,-1.55335388742806,0.541832649051117
"586","New York",2008,7.1,14.2,-1.55335388742806,0.453687624803566
"587","New York",2009,7,15.8,-1.57854697015762,0.923794420790501
"588","New York",2010,7.7,16,-1.40219539105065,0.982557770288867
"589","New York",2011,8.2,16,-1.27622997740282,0.982557770288867
"590","New York",2012,8.3,17.2,-1.25103689467325,1.33513786727907
"591","New York",2013,8.1,14.5,-1.30142306013239,0.541832649051117
"592","New York",2014,8.1,14,-1.30142306013239,0.3949242753052
"593","New York",2015,7.8,14.2,-1.37700230832109,0.453687624803566
"594","New York",2016,8.1,11.9,-1.30142306013239,-0.222090894427651
"595","North Carolina",1999,11,13.8,-0.57082366097494,0.336160925806833
"596","North Carolina",2000,12,12.5,-0.318892833679269,-0.0458008459325506
"597","North Carolina",2001,12,12.5,-0.318892833679269,-0.0458008459325506
"598","North Carolina",2002,11.8,14.3,-0.369278999138403,0.48306929955275
"599","North Carolina",2003,11.2,15.7,-0.520437495515806,0.894412746041317
"600","North Carolina",2004,11.9,14.6,-0.344085916408836,0.5712143238003
"601","North Carolina",2005,11.5,13.1,-0.444858247327105,0.130489202562549
"602","North Carolina",2006,12.2,13.8,-0.268506668220135,0.336160925806833
"603","North Carolina",2007,11.6,15.5,-0.419665164597538,0.83564939654295
"604","North Carolina",2008,12.3,13.9,-0.243313585490568,0.365542600556017
"605","North Carolina",2009,12.2,16.9,-0.268506668220135,1.24699284303152
"606","North Carolina",2010,12,17.4,-0.318892833679269,1.39390121677743
"607","North Carolina",2011,12.3,15.4,-0.243313585490568,0.806267721793767
"608","North Carolina",2012,12.7,17.2,-0.1425412545723,1.33513786727907
"609","North Carolina",2013,12.6,18.6,-0.167734337301867,1.74648131376763
"610","North Carolina",2014,13.1,17.1,-0.0417689236540318,1.30575619252988
"611","North Carolina",2015,13.4,15.3,0.0338103245346696,0.776886047044584
"612","North Carolina",2016,13,13.6,-0.0669620063835988,0.277397576308466
"613","North Dakota",1999,11.1,13.1,-0.545630578245373,0.130489202562549
"614","North Dakota",2000,10.4,10.4,-0.721982157352342,-0.662816015665401
"615","North Dakota",2001,12.7,13.8,-0.1425412545723,0.336160925806833
"616","North Dakota",2002,14.3,11.6,0.260548069100773,-0.310235918675201
"617","North Dakota",2003,12.3,9.7,-0.243313585490568,-0.868487738909685
"618","North Dakota",2004,11.1,9.7,-0.545630578245373,-0.868487738909685
"619","North Dakota",2005,13.7,11.2,0.10938957272337,-0.427762617671935
"620","North Dakota",2006,13.3,11.4,0.00861724180510258,-0.368999268173568
"621","North Dakota",2007,14.2,9.3,0.235354986371206,-0.986014437906418
"622","North Dakota",2008,13.1,11.8,-0.0417689236540318,-0.251472569176834
"623","North Dakota",2009,13.9,10.9,0.159775738182505,-0.515907641919484
"624","North Dakota",2010,15.6,12.6,0.588058144585145,-0.0164191711833674
"625","North Dakota",2011,14.9,9.9,0.411706565478176,-0.809724389411318
"626","North Dakota",2012,15.2,11.4,0.487285813666876,-0.368999268173568
"627","North Dakota",2013,17.3,9.9,1.01634055098779,-0.809724389411318
"628","North Dakota",2014,17.8,9.7,1.14230596463562,-0.868487738909685
"629","North Dakota",2015,17.5,10.7,1.06672671644692,-0.574670991417851
"630","North Dakota",2016,19,11.1,1.44462295739043,-0.457144292421118
"631","Ohio",1999,9.7,12,-0.898333736459312,-0.192709219678467
"632","Ohio",2000,9.5,10,-0.948719901918446,-0.780342714662135
"633","Ohio",2001,10.6,10.5,-0.671595991893208,-0.633434340916218
"634","Ohio",2002,11.2,9.8,-0.520437495515806,-0.839106064160501
"635","Ohio",2003,9.3,10.9,-0.99910606737758,-0.515907641919484
"636","Ohio",2004,11.4,11.6,-0.470051330056672,-0.310235918675201
"637","Ohio",2005,11.5,12.3,-0.444858247327105,-0.104564195430917
"638","Ohio",2006,11.3,12.1,-0.495244412786239,-0.163327544929284
"639","Ohio",2007,11.1,12.8,-0.545630578245373,0.0423441783149997
"640","Ohio",2008,12.2,13.7,-0.268506668220135,0.30677925105765
"641","Ohio",2009,10,13.3,-0.822754488270611,0.189252552060916
"642","Ohio",2010,12.2,15.4,-0.268506668220135,0.806267721793767
"643","Ohio",2011,12.3,15.1,-0.243313585490568,0.718122697546217
"644","Ohio",2012,13,15.4,-0.0669620063835988,0.806267721793767
"645","Ohio",2013,12.9,13.7,-0.0921550891131658,0.30677925105765
"646","Ohio",2014,12.6,15.6,-0.167734337301867,0.865031071292134
"647","Ohio",2015,13.9,13.6,0.159775738182505,0.277397576308466
"648","Ohio",2016,14.2,13.7,0.235354986371206,0.30677925105765
"649","Oklahoma",1999,14.4,12.8,0.28574115183034,0.0423441783149997
"650","Oklahoma",2000,14.6,14.9,0.336127317289474,0.65935934804785
"651","Oklahoma",2001,14.9,15.1,0.411706565478176,0.718122697546217
"652","Oklahoma",2002,14.4,14.1,0.28574115183034,0.424305950054383
"653","Oklahoma",2003,13.7,12.8,0.10938957272337,0.0423441783149997
"654","Oklahoma",2004,14.4,10.8,0.28574115183034,-0.545289316668668
"655","Oklahoma",2005,14.8,15.6,0.386513482748609,0.865031071292134
"656","Oklahoma",2006,15,15.2,0.436899648207743,0.7475043722954
"657","Oklahoma",2007,14.7,13.4,0.361320400019041,0.2186342268101
"658","Oklahoma",2008,15.7,13.6,0.613251227314712,0.277397576308466
"659","Oklahoma",2009,15.3,12.9,0.512478896396444,0.0717258530641829
"660","Oklahoma",2010,16.5,16.3,0.814795889151248,1.07070279453642
"661","Oklahoma",2011,18.5,13.9,1.31865754374259,0.365542600556017
"662","Oklahoma",2012,17.6,18,1.09191979917649,1.57019126527253
"663","Oklahoma",2013,17.2,14,0.991147468258218,0.3949242753052
"664","Oklahoma",2014,19.1,17.3,1.46981604011999,1.36451954202825
"665","Oklahoma",2015,20.3,14.2,1.7721330328748,0.453687624803566
"666","Oklahoma",2016,21,14.6,1.94848461198177,0.5712143238003
"667","Oregon",1999,13.9,12.6,0.159775738182505,-0.0164191711833674
"668","Oregon",2000,14.1,10.9,0.210161903641639,-0.515907641919484
"669","Oregon",2001,14.4,11.8,0.28574115183034,-0.251472569176834
"670","Oregon",2002,14.4,10.9,0.28574115183034,-0.515907641919484
"671","Oregon",2003,16.2,12.5,0.739216640962547,-0.0458008459325506
"672","Oregon",2004,15.1,11.8,0.462092730937309,-0.251472569176834
"673","Oregon",2005,14.9,12,0.411706565478176,-0.192709219678467
"674","Oregon",2006,15.3,11.8,0.512478896396444,-0.251472569176834
"675","Oregon",2007,15.3,12.8,0.512478896396444,0.0423441783149997
"676","Oregon",2008,14.5,10.6,0.310934234559907,-0.604052666167035
"677","Oregon",2009,16.2,13.4,0.739216640962547,0.2186342268101
"678","Oregon",2010,17.1,14.3,0.965954385528651,0.48306929955275
"679","Oregon",2011,16.6,14.4,0.839988971880816,0.512450974301933
"680","Oregon",2012,17.8,13.5,1.14230596463562,0.248015901559283
"681","Oregon",2013,16.8,15.1,0.89037513733995,0.718122697546217
"682","Oregon",2014,18.6,14.4,1.34385062647216,0.512450974301933
"683","Oregon",2015,17.8,11.9,1.14230596463562,-0.222090894427651
"684","Oregon",2016,17.8,11.8,1.14230596463562,-0.251472569176834
"685","Pennsylvania",1999,10.3,9.3,-0.747175240081909,-0.986014437906418
"686","Pennsylvania",2000,10.8,8.6,-0.621209826434074,-1.1916861611507
"687","Pennsylvania",2001,10.2,9.6,-0.772368322811477,-0.897869413658868
"688","Pennsylvania",2002,10.7,9.5,-0.646402909163642,-0.927251088408052
"689","Pennsylvania",2003,10.6,10.5,-0.671595991893208,-0.633434340916218
"690","Pennsylvania",2004,11.1,11.4,-0.545630578245373,-0.368999268173568
"691","Pennsylvania",2005,11.1,11.2,-0.545630578245373,-0.427762617671935
"692","Pennsylvania",2006,10.8,11.3,-0.621209826434074,-0.398380942922751
"693","Pennsylvania",2007,11.1,10.4,-0.545630578245373,-0.662816015665401
"694","Pennsylvania",2008,11.8,11,-0.369278999138403,-0.486525967170301
"695","Pennsylvania",2009,12.2,11.1,-0.268506668220135,-0.457144292421118
"696","Pennsylvania",2010,11.9,12.2,-0.344085916408836,-0.133945870180101
"697","Pennsylvania",2011,13.2,12.6,-0.0165758409244648,-0.0164191711833674
"698","Pennsylvania",2012,12.4,13.9,-0.218120502761001,0.365542600556017
"699","Pennsylvania",2013,13.4,12.4,0.0338103245346696,-0.0751825206817339
"700","Pennsylvania",2014,13.3,12.5,0.00861724180510258,-0.0458008459325506
"701","Pennsylvania",2015,14,12.3,0.184968820912072,-0.104564195430917
"702","Pennsylvania",2016,14.7,11.1,0.361320400019041,-0.457144292421118
"703","Rhode Island",1999,9.1,10,-1.04949223283671,-0.780342714662135
"704","Rhode Island",2000,7.1,10.2,-1.55335388742806,-0.721579365163768
"705","Rhode Island",2001,8.1,9.6,-1.30142306013239,-0.897869413658868
"706","Rhode Island",2002,7.9,11,-1.35180922559152,-0.486525967170301
"707","Rhode Island",2003,7.7,11.5,-1.40219539105065,-0.339617593424384
"708","Rhode Island",2004,7.6,11.5,-1.42738847378022,-0.339617593424384
"709","Rhode Island",2005,6.3,12.1,-1.75489854926459,-0.163327544929284
"710","Rhode Island",2006,8.2,10.5,-1.27622997740282,-0.633434340916218
"711","Rhode Island",2007,8.8,9.5,-1.12507148102542,-0.927251088408052
"712","Rhode Island",2008,9.9,12.7,-0.847947571000178,0.0129625035658159
"713","Rhode Island",2009,10.8,13,-0.621209826434074,0.101107527813366
"714","Rhode Island",2010,12.3,14,-0.243313585490568,0.3949242753052
"715","Rhode Island",2011,8.9,13.4,-1.09987839829585,0.2186342268101
"716","Rhode Island",2012,9.5,13.6,-0.948719901918446,0.277397576308466
"717","Rhode Island",2013,12.2,13.5,-0.268506668220135,0.248015901559283
"718","Rhode Island",2014,10.1,11.3,-0.797561405541044,-0.398380942922751
"719","Rhode Island",2015,11.2,11.8,-0.520437495515806,-0.251472569176834
"720","Rhode Island",2016,11.2,11.4,-0.520437495515806,-0.368999268173568
"721","South Carolina",1999,10.5,11.7,-0.696789074622775,-0.280854243926018
"722","South Carolina",2000,11.1,11.1,-0.545630578245373,-0.457144292421118
"723","South Carolina",2001,11.4,15.1,-0.470051330056672,0.718122697546217
"724","South Carolina",2002,10.8,14.3,-0.621209826434074,0.48306929955275
"725","South Carolina",2003,11.5,12.7,-0.444858247327105,0.0129625035658159
"726","South Carolina",2004,11.3,14.9,-0.495244412786239,0.65935934804785
"727","South Carolina",2005,11.8,15,-0.369278999138403,0.688741022797033
"728","South Carolina",2006,11.8,11.2,-0.369278999138403,-0.427762617671935
"729","South Carolina",2007,11.6,14.1,-0.419665164597538,0.424305950054383
"730","South Carolina",2008,12,14,-0.318892833679269,0.3949242753052
"731","South Carolina",2009,13,13.7,-0.0669620063835988,0.30677925105765
"732","South Carolina",2010,13.5,16.9,0.0590034072642365,1.24699284303152
"733","South Carolina",2011,13.6,19,0.0841964899938035,1.86400801276437
"734","South Carolina",2012,13.7,16.7,0.10938957272337,1.18822949353315
"735","South Carolina",2013,14,15.9,0.184968820912072,0.953176095539684
"736","South Carolina",2014,15.2,16.5,0.487285813666876,1.12946614403478
"737","South Carolina",2015,14.8,14.3,0.386513482748609,0.48306929955275
"738","South Carolina",2016,15.7,14.1,0.613251227314712,0.424305950054383
"739","South Dakota",1999,13.7,7.7,0.10938957272337,-1.45612123389335
"740","South Dakota",2000,12.7,10.7,-0.1425412545723,-0.574670991417851
"741","South Dakota",2001,14,8.4,0.184968820912072,-1.25044951064907
"742","South Dakota",2002,12.3,11.5,-0.243313585490568,-0.339617593424384
"743","South Dakota",2003,13.5,12.7,0.0590034072642365,0.0129625035658159
"744","South Dakota",2004,14.8,13.5,0.386513482748609,0.248015901559283
"745","South Dakota",2005,15.4,11.8,0.537671979126011,-0.251472569176834
"746","South Dakota",2006,16,10.7,0.688830475503413,-0.574670991417851
"747","South Dakota",2007,12.5,9.4,-0.192927420031434,-0.956632763157235
"748","South Dakota",2008,15.7,13.1,0.613251227314712,0.130489202562549
"749","South Dakota",2009,16.3,14.1,0.764409723692115,0.424305950054383
"750","South Dakota",2010,17.5,13.6,1.06672671644692,0.277397576308466
"751","South Dakota",2011,15.7,14.5,0.613251227314712,0.541832649051117
"752","South Dakota",2012,16.8,12.8,0.89037513733995,0.0423441783149997
"753","South Dakota",2013,18,10.3,1.19269213009475,-0.692197690414584
"754","South Dakota",2014,17.1,12.8,0.965954385528651,0.0423441783149997
"755","South Dakota",2015,20.4,13.9,1.79732611560436,0.365542600556017
"756","South Dakota",2016,20.2,14.5,1.74693995014523,0.541832649051117
"757","Tennessee",1999,12.7,11.9,-0.1425412545723,-0.222090894427651
"758","Tennessee",2000,12.7,13.5,-0.1425412545723,0.248015901559283
"759","Tennessee",2001,12.2,14.1,-0.268506668220135,0.424305950054383
"760","Tennessee",2002,13.3,14.8,0.00861724180510258,0.629977673298667
"761","Tennessee",2003,12.9,14,-0.0921550891131658,0.3949242753052
"762","Tennessee",2004,13.2,15.9,-0.0165758409244648,0.953176095539684
"763","Tennessee",2005,14,14.9,0.184968820912072,0.65935934804785
"764","Tennessee",2006,14.1,14.9,0.210161903641639,0.65935934804785
"765","Tennessee",2007,13.4,14.8,0.0338103245346696,0.629977673298667
"766","Tennessee",2008,15.1,15,0.462092730937309,0.688741022797033
"767","Tennessee",2009,14.6,16.5,0.336127317289474,1.12946614403478
"768","Tennessee",2010,14.6,16.7,0.336127317289474,1.18822949353315
"769","Tennessee",2011,14.4,16.3,0.28574115183034,1.07070279453642
"770","Tennessee",2012,14.6,18.6,0.336127317289474,1.74648131376763
"771","Tennessee",2013,15.4,18.1,0.537671979126011,1.59957294002172
"772","Tennessee",2014,14.8,17.3,0.386513482748609,1.36451954202825
"773","Tennessee",2015,15.7,14.7,0.613251227314712,0.600595998549483
"774","Tennessee",2016,16.3,14.9,0.764409723692115,0.65935934804785
"775","Texas",1999,10.2,15.2,-0.772368322811477,0.7475043722954
"776","Texas",2000,10.2,15.5,-0.772368322811477,0.83564939654295
"777","Texas",2001,10.9,14.9,-0.596016743704507,0.65935934804785
"778","Texas",2002,11.1,15.6,-0.545630578245373,0.865031071292134
"779","Texas",2003,11.1,17,-0.545630578245373,1.2763745177807
"780","Texas",2004,10.7,16.5,-0.646402909163642,1.12946614403478
"781","Texas",2005,10.9,16.2,-0.596016743704507,1.04132111978723
"782","Texas",2006,10.3,16.4,-0.747175240081909,1.1000844692856
"783","Texas",2007,10.5,16.5,-0.696789074622775,1.12946614403478
"784","Texas",2008,10.8,15.9,-0.621209826434074,0.953176095539684
"785","Texas",2009,11.6,17.3,-0.419665164597538,1.36451954202825
"786","Texas",2010,11.8,18.4,-0.369278999138403,1.68771796426927
"787","Texas",2011,11.5,17.4,-0.444858247327105,1.39390121677743
"788","Texas",2012,11.9,17,-0.344085916408836,1.2763745177807
"789","Texas",2013,11.7,16.8,-0.394472081867971,1.21761116828233
"790","Texas",2014,12.2,16.4,-0.268506668220135,1.1000844692856
"791","Texas",2015,12.5,14.7,-0.192927420031434,0.600595998549483
"792","Texas",2016,12.6,13.8,-0.167734337301867,0.336160925806833
"793","Utah",1999,14,5.7,0.184968820912072,-2.04375472887702
"794","Utah",2000,14.7,7.6,0.361320400019041,-1.48550290864254
"795","Utah",2001,15.5,10.5,0.562865061855578,-0.633434340916218
"796","Utah",2002,16.2,9.9,0.739216640962547,-0.809724389411318
"797","Utah",2003,15.4,9.1,0.537671979126011,-1.04477778740479
"798","Utah",2004,17.2,10.1,0.991147468258218,-0.750961039912951
"799","Utah",2005,15.4,9.2,0.537671979126011,-1.0153961126556
"800","Utah",2006,16,9.3,0.688830475503413,-0.986014437906418
"801","Utah",2007,15.8,9.6,0.638444310044279,-0.897869413658868
"802","Utah",2008,15.9,7.6,0.663637392773846,-1.48550290864254
"803","Utah",2009,17.9,9.7,1.16749904736519,-0.868487738909685
"804","Utah",2010,18.3,10,1.26827137828346,-0.780342714662135
"805","Utah",2011,19.4,11,1.54539528830869,-0.486525967170301
"806","Utah",2012,21,11,1.94848461198177,-0.486525967170301
"807","Utah",2013,21.4,8.3,2.04925694290003,-1.27983118539825
"808","Utah",2014,20.5,10.2,1.82251919833393,-0.721579365163768
"809","Utah",2015,22.4,9.3,2.30118777019571,-0.986014437906418
"810","Utah",2016,21.8,8.6,2.1500292738183,-1.1916861611507
"811","Vermont",1999,10.3,9.6,-0.747175240081909,-0.897869413658868
"812","Vermont",2000,12.3,10,-0.243313585490568,-0.780342714662135
"813","Vermont",2001,11.4,9.7,-0.470051330056672,-0.868487738909685
"814","Vermont",2002,14.3,9.9,0.260548069100773,-0.809724389411318
"815","Vermont",2003,13,8.5,-0.0669620063835988,-1.22106783589989
"816","Vermont",2004,14.5,7.8,0.310934234559907,-1.42673955914417
"817","Vermont",2005,12.5,7.6,-0.192927420031434,-1.48550290864254
"818","Vermont",2006,12.2,7.8,-0.268506668220135,-1.42673955914417
"819","Vermont",2007,13.9,9.9,0.159775738182505,-0.809724389411318
"820","Vermont",2008,14.1,9,0.210161903641639,-1.07415946215397
"821","Vermont",2009,13,9.4,-0.0669620063835988,-0.956632763157235
"822","Vermont",2010,15.7,10.8,0.613251227314712,-0.545289316668668
"823","Vermont",2011,17.8,11.6,1.14230596463562,-0.310235918675201
"824","Vermont",2012,13,11.2,-0.0669620063835988,-0.427762617671935
"825","Vermont",2013,16.8,8.7,0.89037513733995,-1.16230448640152
"826","Vermont",2014,18.7,9.3,1.36904370920172,-0.986014437906418
"827","Vermont",2015,14.8,10.7,0.386513482748609,-0.574670991417851
"828","Vermont",2016,17.3,9.6,1.01634055098779,-0.897869413658868
"829","Virginia",1999,11.2,7.9,-0.520437495515806,-1.39735788439499
"830","Virginia",2000,10.8,8.3,-0.621209826434074,-1.27983118539825
"831","Virginia",2001,11,8,-0.57082366097494,-1.3679762096458
"832","Virginia",2002,10.9,9.9,-0.596016743704507,-0.809724389411318
"833","Virginia",2003,10.9,10,-0.596016743704507,-0.780342714662135
"834","Virginia",2004,10.9,9.4,-0.596016743704507,-0.956632763157235
"835","Virginia",2005,11.2,9.2,-0.520437495515806,-1.0153961126556
"836","Virginia",2006,11.1,8.6,-0.545630578245373,-1.1916861611507
"837","Virginia",2007,11.1,8.6,-0.545630578245373,-1.1916861611507
"838","Virginia",2008,11.8,10.3,-0.369278999138403,-0.692197690414584
"839","Virginia",2009,11.7,10.7,-0.394472081867971,-0.574670991417851
"840","Virginia",2010,11.7,10.7,-0.394472081867971,-0.574670991417851
"841","Virginia",2011,12.6,11.4,-0.167734337301867,-0.368999268173568
"842","Virginia",2012,12.7,10.6,-0.1425412545723,-0.604052666167035
"843","Virginia",2013,12.5,10.4,-0.192927420031434,-0.662816015665401
"844","Virginia",2014,12.9,10.2,-0.0921550891131658,-0.721579365163768
"845","Virginia",2015,12.7,10.9,-0.1425412545723,-0.515907641919484
"846","Virginia",2016,13.2,11.4,-0.0165758409244648,-0.368999268173568
"847","Washington",1999,14,9.6,0.184968820912072,-0.897869413658868
"848","Washington",2000,12.4,10.8,-0.218120502761001,-0.545289316668668
"849","Washington",2001,11.9,10.7,-0.344085916408836,-0.574670991417851
"850","Washington",2002,13.4,11,0.0338103245346696,-0.486525967170301
"851","Washington",2003,13.1,12.6,-0.0417689236540318,-0.0164191711833674
"852","Washington",2004,13.3,11.4,0.00861724180510258,-0.368999268173568
"853","Washington",2005,12.8,10.2,-0.117348171842733,-0.721579365163768
"854","Washington",2006,12.3,8,-0.243313585490568,-1.3679762096458
"855","Washington",2007,13.1,10.2,-0.0417689236540318,-0.721579365163768
"856","Washington",2008,13.2,10.4,-0.0165758409244648,-0.662816015665401
"857","Washington",2009,13.3,11.7,0.00861724180510258,-0.280854243926018
"858","Washington",2010,13.9,11.6,0.159775738182505,-0.310235918675201
"859","Washington",2011,14.3,12.5,0.260548069100773,-0.0458008459325506
"860","Washington",2012,14.5,11.6,0.310934234559907,-0.310235918675201
"861","Washington",2013,14.1,12,0.210161903641639,-0.192709219678467
"862","Washington",2014,15.2,12,0.487285813666876,-0.192709219678467
"863","Washington",2015,15.4,11.4,0.537671979126011,-0.368999268173568
"864","Washington",2016,14.9,11,0.411706565478176,-0.486525967170301
"865","West Virginia",1999,12.1,15.7,-0.293699750949702,0.894412746041317
"866","West Virginia",2000,13.2,14.7,-0.0165758409244648,0.600595998549483
"867","West Virginia",2001,15,16.4,0.436899648207743,1.1000844692856
"868","West Virginia",2002,14.9,16.8,0.411706565478176,1.21761116828233
"869","West Virginia",2003,14,17.4,0.184968820912072,1.39390121677743
"870","West Virginia",2004,15.4,14.2,0.537671979126011,0.453687624803566
"871","West Virginia",2005,13.2,15.4,-0.0165758409244648,0.806267721793767
"872","West Virginia",2006,14,15.3,0.184968820912072,0.776886047044584
"873","West Virginia",2007,15.7,14.8,0.613251227314712,0.629977673298667
"874","West Virginia",2008,13.7,14.5,0.10938957272337,0.541832649051117
"875","West Virginia",2009,13.1,15.8,-0.0417689236540318,0.923794420790501
"876","West Virginia",2010,14.1,16.8,0.210161903641639,1.21761116828233
"877","West Virginia",2011,15.9,17.5,0.663637392773846,1.42328289152662
"878","West Virginia",2012,17.1,16.7,0.965954385528651,1.18822949353315
"879","West Virginia",2013,16.4,17.3,0.789602806421681,1.36451954202825
"880","West Virginia",2014,18.1,20.6,1.21788521282432,2.3341148087513
"881","West Virginia",2015,17.4,14.5,1.04153363371735,0.541832649051117
"882","West Virginia",2016,19.3,18,1.52020220557913,1.57019126527253
"883","Wisconsin",1999,11.1,8.6,-0.545630578245373,-1.1916861611507
"884","Wisconsin",2000,10.9,9.3,-0.596016743704507,-0.986014437906418
"885","Wisconsin",2001,11.7,7.9,-0.394472081867971,-1.39735788439499
"886","Wisconsin",2002,11.3,8.6,-0.495244412786239,-1.1916861611507
"887","Wisconsin",2003,11.6,9.8,-0.419665164597538,-0.839106064160501
"888","Wisconsin",2004,11.9,12.4,-0.344085916408836,-0.0751825206817339
"889","Wisconsin",2005,11.6,10.2,-0.419665164597538,-0.721579365163768
"890","Wisconsin",2006,12,10.1,-0.318892833679269,-0.750961039912951
"891","Wisconsin",2007,12.7,11,-0.1425412545723,-0.486525967170301
"892","Wisconsin",2008,12.8,9.8,-0.117348171842733,-0.839106064160501
"893","Wisconsin",2009,12.5,10.8,-0.192927420031434,-0.545289316668668
"894","Wisconsin",2010,13.4,10.1,0.0338103245346696,-0.750961039912951
"895","Wisconsin",2011,12.8,13.1,-0.117348171842733,0.130489202562549
"896","Wisconsin",2012,12.4,11.4,-0.218120502761001,-0.368999268173568
"897","Wisconsin",2013,14.4,11,0.28574115183034,-0.486525967170301
"898","Wisconsin",2014,13.1,10.9,-0.0417689236540318,-0.515907641919484
"899","Wisconsin",2015,14.7,11.4,0.361320400019041,-0.368999268173568
"900","Wisconsin",2016,14.7,10.7,0.361320400019041,-0.574670991417851
"901","Wyoming",1999,20.3,11.6,1.7721330328748,-0.310235918675201
"902","Wyoming",2000,16.8,10.8,0.89037513733995,-0.545289316668668
"903","Wyoming",2001,16.4,8.7,0.789602806421681,-1.16230448640152
"904","Wyoming",2002,20.8,9,1.89809844652263,-1.07415946215397
"905","Wyoming",2003,21.8,9.8,2.1500292738183,-0.839106064160501
"906","Wyoming",2004,17.5,10,1.06672671644692,-0.780342714662135
"907","Wyoming",2005,17.3,10.6,1.01634055098779,-0.604052666167035
"908","Wyoming",2006,21.7,10,2.12483619108874,-0.780342714662135
"909","Wyoming",2007,19.3,10.9,1.52020220557913,-0.515907641919484
"910","Wyoming",2008,22.6,10.1,2.35157393565484,-0.750961039912951
"911","Wyoming",2009,20.4,9.2,1.79732611560436,-1.0153961126556
"912","Wyoming",2010,22.4,9.6,2.30118777019571,-0.897869413658868
"913","Wyoming",2011,23.2,10.7,2.50273243203224,-0.574670991417851
"914","Wyoming",2012,29.6,9.6,4.11508972672453,-0.897869413658868
"915","Wyoming",2013,21.5,11.8,2.0744500256296,-0.251472569176834
"916","Wyoming",2014,20.6,9.7,1.8477122810635,-0.868487738909685
"917","Wyoming",2015,28,9.8,3.71200040305146,-0.839106064160501
"918","Wyoming",2016,25.2,10.9,3.00659408662358,-0.515907641919484
